source,destination,status
/send-rakhi-to-alabama,/gifts-to-alabama,301
/send-rakhi-to-alaska,/gifts-to-alaska,301
/send-rakhi-to-arizona,/gifts-to-arizona,301
/send-rakhi-to-arkansas,/gifts-to-arkansas,301
/send-rakhi-to-california,/gifts-to-california,301
/send-rakhi-to-colorado,/gifts-to-colorado,301
/send-rakhi-to-connecticut,/gifts-to-connecticut,301
/send-rakhi-to-delaware,/gifts-to-delaware,301
/send-rakhi-to-florida,/gifts-to-florida,301
/send-rakhi-to-georgia,/gifts-to-georgia,301
/send-rakhi-to-hawaii,/gifts-to-hawaii,301
/send-rakhi-to-idaho,/gifts-to-idaho,301
/send-rakhi-to-illinois,/gifts-to-illinois,301
/send-rakhi-to-indiana,/gifts-to-indiana,301
/send-rakhi-to-iowa,/gifts-to-iowa,301
/send-rakhi-to-kansas,/gifts-to-kansas,301
/send-rakhi-to-kentucky,/gifts-to-kentucky,301
/send-rakhi-to-louisiana,/gifts-to-louisiana,301
/send-rakhi-to-maine,/gifts-to-maine,301
/send-rakhi-to-maryland,/gifts-to-maryland,301
/send-rakhi-to-massachusetts,/gifts-to-massachusetts,301
/send-rakhi-to-michigan,/gifts-to-michigan,301
/send-rakhi-to-minnesota,/gifts-to-minnesota,301
/send-rakhi-to-mississippi,/gifts-to-mississippi,301
/send-rakhi-to-missouri,/gifts-to-missouri,301
/send-rakhi-to-montana,/gifts-to-montana,301
/send-rakhi-to-nebraska,/gifts-to-nebraska,301
/send-rakhi-to-nevada,/gifts-to-nevada,301
/send-rakhi-to-new-hampshire,/gifts-to-new-hampshire,301
/send-rakhi-to-new-jersey,/gifts-to-new-jersey,301
/send-rakhi-to-new-mexico,/gifts-to-new-mexico,301
/send-rakhi-to-new-york,/gifts-to-new-york,301
/send-rakhi-to-north-carolina,/gifts-to-north-carolina,301
/send-rakhi-to-north-dakota,/gifts-to-north-dakota,301
/send-rakhi-to-ohio,/gifts-to-ohio,301
/send-rakhi-to-oklahoma,/gifts-to-oklahoma,301
/send-rakhi-to-oregon,/gifts-to-oregon,301
/send-rakhi-to-pennsylvania,/gifts-to-pennsylvania,301
/send-rakhi-to-rhode-island,/gifts-to-rhode-island,301
/send-rakhi-to-south-carolina,/gifts-to-south-carolina,301
/send-rakhi-to-south-dakota,/gifts-to-south-dakota,301
/send-rakhi-to-tennessee,/gifts-to-tennessee,301
/send-rakhi-to-texas,/gifts-to-texas,301
/send-rakhi-to-utah,/gifts-to-utah,301
/send-rakhi-to-vermont,/gifts-to-vermont,301
/send-rakhi-to-virginia,/gifts-to-virginia,301
/send-rakhi-to-washington,/gifts-to-washington,301
/send-rakhi-to-west-virginia,/gifts-to-west-virginia,301
/send-rakhi-to-wisconsin,/gifts-to-wisconsin,301
/send-rakhi-to-wyoming,/gifts-to-wyoming,301
/send-rakhi-to-district-of-columbia,/gifts-to-district-of-columbia,301
/send-rakhi-to-puerto-rico,/gifts-to-puerto-rico,301
/send-rakhi-to-birmingham,/gifts-to-birmingham,301
/send-rakhi-to-montgomery,/gifts-to-montgomery,301
/send-rakhi-to-huntsville,/gifts-to-huntsville,301
/send-rakhi-to-mobile,/gifts-to-mobile,301
/send-rakhi-to-tuscaloosa,/gifts-to-tuscaloosa,301
/send-rakhi-to-hoover,/gifts-to-hoover,301
/send-rakhi-to-anchorage,/gifts-to-anchorage,301
/send-rakhi-to-fairbanks,/gifts-to-fairbanks,301
/send-rakhi-to-juneau,/gifts-to-juneau,301
/send-rakhi-to-phoenix,/gifts-to-phoenix,301
/send-rakhi-to-tucson,/gifts-to-tucson,301
/send-rakhi-to-mesa,/gifts-to-mesa,301
/send-rakhi-to-chandler,/gifts-to-chandler,301
/send-rakhi-to-scottsdale,/gifts-to-scottsdale,301
/send-rakhi-to-glendale,/gifts-to-glendale,301
/send-rakhi-to-gilbert,/gifts-to-gilbert,301
/send-rakhi-to-tempe,/gifts-to-tempe,301
/send-rakhi-to-peoria,/gifts-to-peoria,301
/send-rakhi-to-surprise,/gifts-to-surprise,301
/send-rakhi-to-flagstaff,/gifts-to-flagstaff,301
/send-rakhi-to-little-rock,/gifts-to-little-rock,301
/send-rakhi-to-fayetteville,/gifts-to-fayetteville,301
/send-rakhi-to-fort-smith,/gifts-to-fort-smith,301
/send-rakhi-to-springdale,/gifts-to-springdale,301
/send-rakhi-to-bentonville,/gifts-to-bentonville,301
/send-rakhi-to-rogers,/gifts-to-rogers,301
/send-rakhi-to-los-angeles,/gifts-to-los-angeles,301
/send-rakhi-to-san-diego,/gifts-to-san-diego,301
/send-rakhi-to-san-jose,/gifts-to-san-jose,301
/send-rakhi-to-san-francisco,/gifts-to-san-francisco,301
/send-rakhi-to-fresno,/gifts-to-fresno,301
/send-rakhi-to-sacramento,/gifts-to-sacramento,301
/send-rakhi-to-long-beach,/gifts-to-long-beach,301
/send-rakhi-to-oakland,/gifts-to-oakland,301
/send-rakhi-to-bakersfield,/gifts-to-bakersfield,301
/send-rakhi-to-anaheim,/gifts-to-anaheim,301
/send-rakhi-to-santa-ana,/gifts-to-santa-ana,301
/send-rakhi-to-riverside,/gifts-to-riverside,301
/send-rakhi-to-irvine,/gifts-to-irvine,301
/send-rakhi-to-chula-vista,/gifts-to-chula-vista,301
/send-rakhi-to-fremont,/gifts-to-fremont,301
/send-rakhi-to-san-bernardino,/gifts-to-san-bernardino,301
/send-rakhi-to-modesto,/gifts-to-modesto,301
/send-rakhi-to-fontana,/gifts-to-fontana,301
/send-rakhi-to-oxnard,/gifts-to-oxnard,301
/send-rakhi-to-moreno-valley,/gifts-to-moreno-valley,301
/send-rakhi-to-huntington-beach,/gifts-to-huntington-beach,301
/send-rakhi-to-glendale-ca,/gifts-to-glendale-ca,301
/send-rakhi-to-santa-clarita,/gifts-to-santa-clarita,301
/send-rakhi-to-garden-grove,/gifts-to-garden-grove,301
/send-rakhi-to-oceanside,/gifts-to-oceanside,301
/send-rakhi-to-rancho-cucamonga,/gifts-to-rancho-cucamonga,301
/send-rakhi-to-santa-rosa,/gifts-to-santa-rosa,301
/send-rakhi-to-ontario,/gifts-to-ontario,301
/send-rakhi-to-elk-grove,/gifts-to-elk-grove,301
/send-rakhi-to-corona,/gifts-to-corona,301
/send-rakhi-to-lancaster,/gifts-to-lancaster,301
/send-rakhi-to-palmdale,/gifts-to-palmdale,301
/send-rakhi-to-salinas,/gifts-to-salinas,301
/send-rakhi-to-hayward,/gifts-to-hayward,301
/send-rakhi-to-pomona,/gifts-to-pomona,301
/send-rakhi-to-escondido,/gifts-to-escondido,301
/send-rakhi-to-sunnyvale,/gifts-to-sunnyvale,301
/send-rakhi-to-torrance,/gifts-to-torrance,301
/send-rakhi-to-pasadena,/gifts-to-pasadena,301
/send-rakhi-to-orange,/gifts-to-orange,301
/send-rakhi-to-fullerton,/gifts-to-fullerton,301
/send-rakhi-to-thousand-oaks,/gifts-to-thousand-oaks,301
/send-rakhi-to-visalia,/gifts-to-visalia,301
/send-rakhi-to-roseville,/gifts-to-roseville,301
/send-rakhi-to-concord,/gifts-to-concord,301
/send-rakhi-to-santa-clara,/gifts-to-santa-clara,301
/send-rakhi-to-vallejo,/gifts-to-vallejo,301
/send-rakhi-to-berkeley,/gifts-to-berkeley,301
/send-rakhi-to-fairfield,/gifts-to-fairfield,301
/send-rakhi-to-antioch,/gifts-to-antioch,301
/send-rakhi-to-richmond,/gifts-to-richmond,301
/send-rakhi-to-murrieta,/gifts-to-murrieta,301
/send-rakhi-to-temecula,/gifts-to-temecula,301
/send-rakhi-to-carlsbad,/gifts-to-carlsbad,301
/send-rakhi-to-milpitas,/gifts-to-milpitas,301
/send-rakhi-to-pleasanton,/gifts-to-pleasanton,301
/send-rakhi-to-livermore,/gifts-to-livermore,301
/send-rakhi-to-mountain-view,/gifts-to-mountain-view,301
/send-rakhi-to-cupertino,/gifts-to-cupertino,301
/send-rakhi-to-redwood-city,/gifts-to-redwood-city,301
/send-rakhi-to-palo-alto,/gifts-to-palo-alto,301
/send-rakhi-to-san-mateo,/gifts-to-san-mateo,301
/send-rakhi-to-daly-city,/gifts-to-daly-city,301
/send-rakhi-to-burbank,/gifts-to-burbank,301
/send-rakhi-to-inglewood,/gifts-to-inglewood,301
/send-rakhi-to-west-covina,/gifts-to-west-covina,301
/send-rakhi-to-norwalk,/gifts-to-norwalk,301
/send-rakhi-to-downey,/gifts-to-downey,301
/send-rakhi-to-costa-mesa,/gifts-to-costa-mesa,301
/send-rakhi-to-newport-beach,/gifts-to-newport-beach,301
/send-rakhi-to-redlands,/gifts-to-redlands,301
/send-rakhi-to-chico,/gifts-to-chico,301
/send-rakhi-to-merced,/gifts-to-merced,301
/send-rakhi-to-tracy,/gifts-to-tracy,301
/send-rakhi-to-folsom,/gifts-to-folsom,301
/send-rakhi-to-napa,/gifts-to-napa,301
/send-rakhi-to-walnut-creek,/gifts-to-walnut-creek,301
/send-rakhi-to-dublin,/gifts-to-dublin,301
/send-rakhi-to-san-ramon,/gifts-to-san-ramon,301
/send-rakhi-to-union-city,/gifts-to-union-city,301
/send-rakhi-to-newark,/gifts-to-newark,301
/send-rakhi-to-cerritos,/gifts-to-cerritos,301
/send-rakhi-to-diamond-bar,/gifts-to-diamond-bar,301
/send-rakhi-to-arcadia,/gifts-to-arcadia,301
/send-rakhi-to-alhambra,/gifts-to-alhambra,301
/send-rakhi-to-culver-city,/gifts-to-culver-city,301
/send-rakhi-to-beverly-hills,/gifts-to-beverly-hills,301
/send-rakhi-to-santa-monica,/gifts-to-santa-monica,301
/send-rakhi-to-denver,/gifts-to-denver,301
/send-rakhi-to-colorado-springs,/gifts-to-colorado-springs,301
/send-rakhi-to-aurora,/gifts-to-aurora,301
/send-rakhi-to-fort-collins,/gifts-to-fort-collins,301
/send-rakhi-to-lakewood,/gifts-to-lakewood,301
/send-rakhi-to-thornton,/gifts-to-thornton,301
/send-rakhi-to-arvada,/gifts-to-arvada,301
/send-rakhi-to-westminster,/gifts-to-westminster,301
/send-rakhi-to-boulder,/gifts-to-boulder,301
/send-rakhi-to-pueblo,/gifts-to-pueblo,301
/send-rakhi-to-centennial,/gifts-to-centennial,301
/send-rakhi-to-greeley,/gifts-to-greeley,301
/send-rakhi-to-longmont,/gifts-to-longmont,301
/send-rakhi-to-castle-rock,/gifts-to-castle-rock,301
/send-rakhi-to-broomfield,/gifts-to-broomfield,301
/send-rakhi-to-bridgeport,/gifts-to-bridgeport,301
/send-rakhi-to-new-haven,/gifts-to-new-haven,301
/send-rakhi-to-stamford,/gifts-to-stamford,301
/send-rakhi-to-hartford,/gifts-to-hartford,301
/send-rakhi-to-waterbury,/gifts-to-waterbury,301
/send-rakhi-to-norwalk-ct,/gifts-to-norwalk-ct,301
/send-rakhi-to-danbury,/gifts-to-danbury,301
/send-rakhi-to-greenwich,/gifts-to-greenwich,301
/send-rakhi-to-stratford,/gifts-to-stratford,301
/send-rakhi-to-west-hartford,/gifts-to-west-hartford,301
/send-rakhi-to-wilmington,/gifts-to-wilmington,301
/send-rakhi-to-dover,/gifts-to-dover,301
/send-rakhi-to-newark-de,/gifts-to-newark-de,301
/send-rakhi-to-jacksonville,/gifts-to-jacksonville,301
/send-rakhi-to-miami,/gifts-to-miami,301
/send-rakhi-to-tampa,/gifts-to-tampa,301
/send-rakhi-to-orlando,/gifts-to-orlando,301
/send-rakhi-to-st-petersburg,/gifts-to-st-petersburg,301
/send-rakhi-to-hialeah,/gifts-to-hialeah,301
/send-rakhi-to-port-st-lucie,/gifts-to-port-st-lucie,301
/send-rakhi-to-cape-coral,/gifts-to-cape-coral,301
/send-rakhi-to-tallahassee,/gifts-to-tallahassee,301
/send-rakhi-to-fort-lauderdale,/gifts-to-fort-lauderdale,301
/send-rakhi-to-pembroke-pines,/gifts-to-pembroke-pines,301
/send-rakhi-to-hollywood,/gifts-to-hollywood,301
/send-rakhi-to-gainesville,/gifts-to-gainesville,301
/send-rakhi-to-miramar,/gifts-to-miramar,301
/send-rakhi-to-coral-springs,/gifts-to-coral-springs,301
/send-rakhi-to-palm-bay,/gifts-to-palm-bay,301
/send-rakhi-to-west-palm-beach,/gifts-to-west-palm-beach,301
/send-rakhi-to-clearwater,/gifts-to-clearwater,301
/send-rakhi-to-lakeland,/gifts-to-lakeland,301
/send-rakhi-to-pompano-beach,/gifts-to-pompano-beach,301
/send-rakhi-to-boca-raton,/gifts-to-boca-raton,301
/send-rakhi-to-naples,/gifts-to-naples,301
/send-rakhi-to-sarasota,/gifts-to-sarasota,301
/send-rakhi-to-kissimmee,/gifts-to-kissimmee,301
/send-rakhi-to-fort-myers,/gifts-to-fort-myers,301
/send-rakhi-to-bradenton,/gifts-to-bradenton,301
/send-rakhi-to-ocala,/gifts-to-ocala,301
/send-rakhi-to-doral,/gifts-to-doral,301
/send-rakhi-to-sunrise,/gifts-to-sunrise,301
/send-rakhi-to-plantation,/gifts-to-plantation,301
/send-rakhi-to-delray-beach,/gifts-to-delray-beach,301
/send-rakhi-to-jupiter,/gifts-to-jupiter,301
/send-rakhi-to-weston,/gifts-to-weston,301
/send-rakhi-to-wellington,/gifts-to-wellington,301
/send-rakhi-to-melbourne,/gifts-to-melbourne,301
/send-rakhi-to-daytona-beach,/gifts-to-daytona-beach,301
/send-rakhi-to-winter-garden,/gifts-to-winter-garden,301
/send-rakhi-to-windermere,/gifts-to-windermere,301
/send-rakhi-to-atlanta,/gifts-to-atlanta,301
/send-rakhi-to-augusta,/gifts-to-augusta,301
/send-rakhi-to-columbus,/gifts-to-columbus,301
/send-rakhi-to-savannah,/gifts-to-savannah,301
/send-rakhi-to-athens,/gifts-to-athens,301
/send-rakhi-to-sandy-springs,/gifts-to-sandy-springs,301
/send-rakhi-to-roswell,/gifts-to-roswell,301
/send-rakhi-to-macon,/gifts-to-macon,301
/send-rakhi-to-johns-creek,/gifts-to-johns-creek,301
/send-rakhi-to-albany,/gifts-to-albany,301
/send-rakhi-to-warner-robins,/gifts-to-warner-robins,301
/send-rakhi-to-alpharetta,/gifts-to-alpharetta,301
/send-rakhi-to-marietta,/gifts-to-marietta,301
/send-rakhi-to-smyrna,/gifts-to-smyrna,301
/send-rakhi-to-duluth,/gifts-to-duluth,301
/send-rakhi-to-suwanee,/gifts-to-suwanee,301
/send-rakhi-to-lawrenceville,/gifts-to-lawrenceville,301
/send-rakhi-to-kennesaw,/gifts-to-kennesaw,301
/send-rakhi-to-peachtree-city,/gifts-to-peachtree-city,301
/send-rakhi-to-honolulu,/gifts-to-honolulu,301
/send-rakhi-to-hilo,/gifts-to-hilo,301
/send-rakhi-to-kailua,/gifts-to-kailua,301
/send-rakhi-to-pearl-city,/gifts-to-pearl-city,301
/send-rakhi-to-boise,/gifts-to-boise,301
/send-rakhi-to-meridian,/gifts-to-meridian,301
/send-rakhi-to-nampa,/gifts-to-nampa,301
/send-rakhi-to-idaho-falls,/gifts-to-idaho-falls,301
/send-rakhi-to-coeur-d-alene,/gifts-to-coeur-d-alene,301
/send-rakhi-to-chicago,/gifts-to-chicago,301
/send-rakhi-to-aurora-il,/gifts-to-aurora-il,301
/send-rakhi-to-naperville,/gifts-to-naperville,301
/send-rakhi-to-joliet,/gifts-to-joliet,301
/send-rakhi-to-rockford,/gifts-to-rockford,301
/send-rakhi-to-springfield,/gifts-to-springfield,301
/send-rakhi-to-elgin,/gifts-to-elgin,301
/send-rakhi-to-peoria-il,/gifts-to-peoria-il,301
/send-rakhi-to-champaign,/gifts-to-champaign,301
/send-rakhi-to-waukegan,/gifts-to-waukegan,301
/send-rakhi-to-cicero,/gifts-to-cicero,301
/send-rakhi-to-bloomington,/gifts-to-bloomington,301
/send-rakhi-to-schaumburg,/gifts-to-schaumburg,301
/send-rakhi-to-evanston,/gifts-to-evanston,301
/send-rakhi-to-arlington-heights,/gifts-to-arlington-heights,301
/send-rakhi-to-bolingbrook,/gifts-to-bolingbrook,301
/send-rakhi-to-palatine,/gifts-to-palatine,301
/send-rakhi-to-skokie,/gifts-to-skokie,301
/send-rakhi-to-des-plaines,/gifts-to-des-plaines,301
/send-rakhi-to-orland-park,/gifts-to-orland-park,301
/send-rakhi-to-oak-lawn,/gifts-to-oak-lawn,301
/send-rakhi-to-berwyn,/gifts-to-berwyn,301
/send-rakhi-to-downers-grove,/gifts-to-downers-grove,301
/send-rakhi-to-wheaton,/gifts-to-wheaton,301
/send-rakhi-to-hoffman-estates,/gifts-to-hoffman-estates,301
/send-rakhi-to-oak-park,/gifts-to-oak-park,301
/send-rakhi-to-buffalo-grove,/gifts-to-buffalo-grove,301
/send-rakhi-to-bartlett,/gifts-to-bartlett,301
/send-rakhi-to-streamwood,/gifts-to-streamwood,301
/send-rakhi-to-indianapolis,/gifts-to-indianapolis,301
/send-rakhi-to-fort-wayne,/gifts-to-fort-wayne,301
/send-rakhi-to-evansville,/gifts-to-evansville,301
/send-rakhi-to-south-bend,/gifts-to-south-bend,301
/send-rakhi-to-carmel,/gifts-to-carmel,301
/send-rakhi-to-fishers,/gifts-to-fishers,301
/send-rakhi-to-bloomington-in,/gifts-to-bloomington-in,301
/send-rakhi-to-hammond,/gifts-to-hammond,301
/send-rakhi-to-gary,/gifts-to-gary,301
/send-rakhi-to-lafayette,/gifts-to-lafayette,301
/send-rakhi-to-noblesville,/gifts-to-noblesville,301
/send-rakhi-to-greenwood,/gifts-to-greenwood,301
/send-rakhi-to-westfield,/gifts-to-westfield,301
/send-rakhi-to-des-moines,/gifts-to-des-moines,301
/send-rakhi-to-cedar-rapids,/gifts-to-cedar-rapids,301
/send-rakhi-to-davenport,/gifts-to-davenport,301
/send-rakhi-to-sioux-city,/gifts-to-sioux-city,301
/send-rakhi-to-iowa-city,/gifts-to-iowa-city,301
/send-rakhi-to-west-des-moines,/gifts-to-west-des-moines,301
/send-rakhi-to-ankeny,/gifts-to-ankeny,301
/send-rakhi-to-ames,/gifts-to-ames,301
/send-rakhi-to-wichita,/gifts-to-wichita,301
/send-rakhi-to-overland-park,/gifts-to-overland-park,301
/send-rakhi-to-kansas-city,/gifts-to-kansas-city,301
/send-rakhi-to-olathe,/gifts-to-olathe,301
/send-rakhi-to-topeka,/gifts-to-topeka,301
/send-rakhi-to-lawrence,/gifts-to-lawrence,301
/send-rakhi-to-shawnee,/gifts-to-shawnee,301
/send-rakhi-to-lenexa,/gifts-to-lenexa,301
/send-rakhi-to-louisville,/gifts-to-louisville,301
/send-rakhi-to-lexington,/gifts-to-lexington,301
/send-rakhi-to-bowling-green,/gifts-to-bowling-green,301
/send-rakhi-to-owensboro,/gifts-to-owensboro,301
/send-rakhi-to-covington,/gifts-to-covington,301
/send-rakhi-to-florence,/gifts-to-florence,301
/send-rakhi-to-new-orleans,/gifts-to-new-orleans,301
/send-rakhi-to-baton-rouge,/gifts-to-baton-rouge,301
/send-rakhi-to-shreveport,/gifts-to-shreveport,301
/send-rakhi-to-lafayette-la,/gifts-to-lafayette-la,301
/send-rakhi-to-lake-charles,/gifts-to-lake-charles,301
/send-rakhi-to-metairie,/gifts-to-metairie,301
/send-rakhi-to-portland,/gifts-to-portland,301
/send-rakhi-to-lewiston,/gifts-to-lewiston,301
/send-rakhi-to-bangor,/gifts-to-bangor,301
/send-rakhi-to-south-portland,/gifts-to-south-portland,301
/send-rakhi-to-baltimore,/gifts-to-baltimore,301
/send-rakhi-to-columbia,/gifts-to-columbia,301
/send-rakhi-to-germantown,/gifts-to-germantown,301
/send-rakhi-to-silver-spring,/gifts-to-silver-spring,301
/send-rakhi-to-waldorf,/gifts-to-waldorf,301
/send-rakhi-to-frederick,/gifts-to-frederick,301
/send-rakhi-to-rockville,/gifts-to-rockville,301
/send-rakhi-to-gaithersburg,/gifts-to-gaithersburg,301
/send-rakhi-to-bethesda,/gifts-to-bethesda,301
/send-rakhi-to-annapolis,/gifts-to-annapolis,301
/send-rakhi-to-bowie,/gifts-to-bowie,301
/send-rakhi-to-towson,/gifts-to-towson,301
/send-rakhi-to-ellicott-city,/gifts-to-ellicott-city,301
/send-rakhi-to-boston,/gifts-to-boston,301
/send-rakhi-to-worcester,/gifts-to-worcester,301
/send-rakhi-to-springfield-ma,/gifts-to-springfield-ma,301
/send-rakhi-to-cambridge,/gifts-to-cambridge,301
/send-rakhi-to-lowell,/gifts-to-lowell,301
/send-rakhi-to-brockton,/gifts-to-brockton,301
/send-rakhi-to-quincy,/gifts-to-quincy,301
/send-rakhi-to-lynn,/gifts-to-lynn,301
/send-rakhi-to-new-bedford,/gifts-to-new-bedford,301
/send-rakhi-to-newton,/gifts-to-newton,301
/send-rakhi-to-somerville,/gifts-to-somerville,301
/send-rakhi-to-framingham,/gifts-to-framingham,301
/send-rakhi-to-waltham,/gifts-to-waltham,301
/send-rakhi-to-medford,/gifts-to-medford,301
/send-rakhi-to-brookline,/gifts-to-brookline,301
/send-rakhi-to-andover,/gifts-to-andover,301
/send-rakhi-to-burlington,/gifts-to-burlington,301
/send-rakhi-to-lexington-ma,/gifts-to-lexington-ma,301
/send-rakhi-to-natick,/gifts-to-natick,301
/send-rakhi-to-needham,/gifts-to-needham,301
/send-rakhi-to-detroit,/gifts-to-detroit,301
/send-rakhi-to-grand-rapids,/gifts-to-grand-rapids,301
/send-rakhi-to-warren,/gifts-to-warren,301
/send-rakhi-to-sterling-heights,/gifts-to-sterling-heights,301
/send-rakhi-to-ann-arbor,/gifts-to-ann-arbor,301
/send-rakhi-to-lansing,/gifts-to-lansing,301
/send-rakhi-to-dearborn,/gifts-to-dearborn,301
/send-rakhi-to-livonia,/gifts-to-livonia,301
/send-rakhi-to-troy,/gifts-to-troy,301
/send-rakhi-to-farmington-hills,/gifts-to-farmington-hills,301
/send-rakhi-to-novi,/gifts-to-novi,301
/send-rakhi-to-rochester-hills,/gifts-to-rochester-hills,301
/send-rakhi-to-canton,/gifts-to-canton,301
/send-rakhi-to-royal-oak,/gifts-to-royal-oak,301
/send-rakhi-to-kalamazoo,/gifts-to-kalamazoo,301
/send-rakhi-to-minneapolis,/gifts-to-minneapolis,301
/send-rakhi-to-saint-paul,/gifts-to-saint-paul,301
/send-rakhi-to-rochester,/gifts-to-rochester,301
/send-rakhi-to-bloomington-mn,/gifts-to-bloomington-mn,301
/send-rakhi-to-duluth-mn,/gifts-to-duluth-mn,301
/send-rakhi-to-brooklyn-park,/gifts-to-brooklyn-park,301
/send-rakhi-to-plymouth,/gifts-to-plymouth,301
/send-rakhi-to-eagan,/gifts-to-eagan,301
/send-rakhi-to-woodbury,/gifts-to-woodbury,301
/send-rakhi-to-maple-grove,/gifts-to-maple-grove,301
/send-rakhi-to-eden-prairie,/gifts-to-eden-prairie,301
/send-rakhi-to-edina,/gifts-to-edina,301
/send-rakhi-to-minnetonka,/gifts-to-minnetonka,301
/send-rakhi-to-jackson,/gifts-to-jackson,301
/send-rakhi-to-gulfport,/gifts-to-gulfport,301
/send-rakhi-to-southaven,/gifts-to-southaven,301
/send-rakhi-to-hattiesburg,/gifts-to-hattiesburg,301
/send-rakhi-to-biloxi,/gifts-to-biloxi,301
/send-rakhi-to-kansas-city-mo,/gifts-to-kansas-city-mo,301
/send-rakhi-to-st-louis,/gifts-to-st-louis,301
/send-rakhi-to-springfield-mo,/gifts-to-springfield-mo,301
/send-rakhi-to-columbia-mo,/gifts-to-columbia-mo,301
/send-rakhi-to-independence,/gifts-to-independence,301
/send-rakhi-to-lee-s-summit,/gifts-to-lee-s-summit,301
/send-rakhi-to-o-fallon,/gifts-to-o-fallon,301
/send-rakhi-to-st-charles,/gifts-to-st-charles,301
/send-rakhi-to-st-peters,/gifts-to-st-peters,301
/send-rakhi-to-chesterfield,/gifts-to-chesterfield,301
/send-rakhi-to-billings,/gifts-to-billings,301
/send-rakhi-to-missoula,/gifts-to-missoula,301
/send-rakhi-to-great-falls,/gifts-to-great-falls,301
/send-rakhi-to-bozeman,/gifts-to-bozeman,301
/send-rakhi-to-omaha,/gifts-to-omaha,301
/send-rakhi-to-lincoln,/gifts-to-lincoln,301
/send-rakhi-to-bellevue,/gifts-to-bellevue,301
/send-rakhi-to-papillion,/gifts-to-papillion,301
/send-rakhi-to-las-vegas,/gifts-to-las-vegas,301
/send-rakhi-to-henderson,/gifts-to-henderson,301
/send-rakhi-to-north-las-vegas,/gifts-to-north-las-vegas,301
/send-rakhi-to-reno,/gifts-to-reno,301
/send-rakhi-to-sparks,/gifts-to-sparks,301
/send-rakhi-to-summerlin,/gifts-to-summerlin,301
/send-rakhi-to-manchester,/gifts-to-manchester,301
/send-rakhi-to-nashua,/gifts-to-nashua,301
/send-rakhi-to-concord-nh,/gifts-to-concord-nh,301
/send-rakhi-to-newark-nj,/gifts-to-newark-nj,301
/send-rakhi-to-jersey-city,/gifts-to-jersey-city,301
/send-rakhi-to-paterson,/gifts-to-paterson,301
/send-rakhi-to-elizabeth,/gifts-to-elizabeth,301
/send-rakhi-to-edison,/gifts-to-edison,301
/send-rakhi-to-woodbridge,/gifts-to-woodbridge,301
/send-rakhi-to-lakewood-nj,/gifts-to-lakewood-nj,301
/send-rakhi-to-toms-river,/gifts-to-toms-river,301
/send-rakhi-to-hamilton,/gifts-to-hamilton,301
/send-rakhi-to-trenton,/gifts-to-trenton,301
/send-rakhi-to-clifton,/gifts-to-clifton,301
/send-rakhi-to-passaic,/gifts-to-passaic,301
/send-rakhi-to-union-city-nj,/gifts-to-union-city-nj,301
/send-rakhi-to-bayonne,/gifts-to-bayonne,301
/send-rakhi-to-east-orange,/gifts-to-east-orange,301
/send-rakhi-to-princeton,/gifts-to-princeton,301
/send-rakhi-to-plainsboro,/gifts-to-plainsboro,301
/send-rakhi-to-piscataway,/gifts-to-piscataway,301
/send-rakhi-to-new-brunswick,/gifts-to-new-brunswick,301
/send-rakhi-to-hoboken,/gifts-to-hoboken,301
/send-rakhi-to-parsippany,/gifts-to-parsippany,301
/send-rakhi-to-cherry-hill,/gifts-to-cherry-hill,301
/send-rakhi-to-fort-lee,/gifts-to-fort-lee,301
/send-rakhi-to-jersey-shore,/gifts-to-jersey-shore,301
/send-rakhi-to-montclair,/gifts-to-montclair,301
/send-rakhi-to-somerset,/gifts-to-somerset,301
/send-rakhi-to-bridgewater,/gifts-to-bridgewater,301
/send-rakhi-to-marlboro,/gifts-to-marlboro,301
/send-rakhi-to-freehold,/gifts-to-freehold,301
/send-rakhi-to-iselin,/gifts-to-iselin,301
/send-rakhi-to-albuquerque,/gifts-to-albuquerque,301
/send-rakhi-to-las-cruces,/gifts-to-las-cruces,301
/send-rakhi-to-rio-rancho,/gifts-to-rio-rancho,301
/send-rakhi-to-santa-fe,/gifts-to-santa-fe,301
/send-rakhi-to-new-york-city,/gifts-to-new-york-city,301
/send-rakhi-to-buffalo,/gifts-to-buffalo,301
/send-rakhi-to-rochester-ny,/gifts-to-rochester-ny,301
/send-rakhi-to-yonkers,/gifts-to-yonkers,301
/send-rakhi-to-syracuse,/gifts-to-syracuse,301
/send-rakhi-to-albany-ny,/gifts-to-albany-ny,301
/send-rakhi-to-new-rochelle,/gifts-to-new-rochelle,301
/send-rakhi-to-mount-vernon,/gifts-to-mount-vernon,301
/send-rakhi-to-schenectady,/gifts-to-schenectady,301
/send-rakhi-to-utica,/gifts-to-utica,301
/send-rakhi-to-white-plains,/gifts-to-white-plains,301
/send-rakhi-to-brooklyn,/gifts-to-brooklyn,301
/send-rakhi-to-queens,/gifts-to-queens,301
/send-rakhi-to-bronx,/gifts-to-bronx,301
/send-rakhi-to-staten-island,/gifts-to-staten-island,301
/send-rakhi-to-manhattan,/gifts-to-manhattan,301
/send-rakhi-to-hempstead,/gifts-to-hempstead,301
/send-rakhi-to-long-island,/gifts-to-long-island,301
/send-rakhi-to-scarsdale,/gifts-to-scarsdale,301
/send-rakhi-to-great-neck,/gifts-to-great-neck,301
/send-rakhi-to-jericho,/gifts-to-jericho,301
/send-rakhi-to-syosset,/gifts-to-syosset,301
/send-rakhi-to-poughkeepsie,/gifts-to-poughkeepsie,301
/send-rakhi-to-ithaca,/gifts-to-ithaca,301
/send-rakhi-to-charlotte,/gifts-to-charlotte,301
/send-rakhi-to-raleigh,/gifts-to-raleigh,301
/send-rakhi-to-greensboro,/gifts-to-greensboro,301
/send-rakhi-to-durham,/gifts-to-durham,301
/send-rakhi-to-winston-salem,/gifts-to-winston-salem,301
/send-rakhi-to-fayetteville-nc,/gifts-to-fayetteville-nc,301
/send-rakhi-to-cary,/gifts-to-cary,301
/send-rakhi-to-wilmington-nc,/gifts-to-wilmington-nc,301
/send-rakhi-to-high-point,/gifts-to-high-point,301
/send-rakhi-to-concord-nc,/gifts-to-concord-nc,301
/send-rakhi-to-asheville,/gifts-to-asheville,301
/send-rakhi-to-chapel-hill,/gifts-to-chapel-hill,301
/send-rakhi-to-apex,/gifts-to-apex,301
/send-rakhi-to-huntersville,/gifts-to-huntersville,301
/send-rakhi-to-morrisville,/gifts-to-morrisville,301
/send-rakhi-to-fargo,/gifts-to-fargo,301
/send-rakhi-to-bismarck,/gifts-to-bismarck,301
/send-rakhi-to-grand-forks,/gifts-to-grand-forks,301
/send-rakhi-to-columbus-oh,/gifts-to-columbus-oh,301
/send-rakhi-to-cleveland,/gifts-to-cleveland,301
/send-rakhi-to-cincinnati,/gifts-to-cincinnati,301
/send-rakhi-to-toledo,/gifts-to-toledo,301
/send-rakhi-to-akron,/gifts-to-akron,301
/send-rakhi-to-dayton,/gifts-to-dayton,301
/send-rakhi-to-parma,/gifts-to-parma,301
/send-rakhi-to-canton-oh,/gifts-to-canton-oh,301
/send-rakhi-to-youngstown,/gifts-to-youngstown,301
/send-rakhi-to-dublin-oh,/gifts-to-dublin-oh,301
/send-rakhi-to-westerville,/gifts-to-westerville,301
/send-rakhi-to-hilliard,/gifts-to-hilliard,301
/send-rakhi-to-mason,/gifts-to-mason,301
/send-rakhi-to-beavercreek,/gifts-to-beavercreek,301
/send-rakhi-to-oklahoma-city,/gifts-to-oklahoma-city,301
/send-rakhi-to-tulsa,/gifts-to-tulsa,301
/send-rakhi-to-norman,/gifts-to-norman,301
/send-rakhi-to-broken-arrow,/gifts-to-broken-arrow,301
/send-rakhi-to-edmond,/gifts-to-edmond,301
/send-rakhi-to-lawton,/gifts-to-lawton,301
/send-rakhi-to-portland-or,/gifts-to-portland-or,301
/send-rakhi-to-salem,/gifts-to-salem,301
/send-rakhi-to-eugene,/gifts-to-eugene,301
/send-rakhi-to-gresham,/gifts-to-gresham,301
/send-rakhi-to-hillsboro,/gifts-to-hillsboro,301
/send-rakhi-to-beaverton,/gifts-to-beaverton,301
/send-rakhi-to-bend,/gifts-to-bend,301
/send-rakhi-to-medford-or,/gifts-to-medford-or,301
/send-rakhi-to-springfield-or,/gifts-to-springfield-or,301
/send-rakhi-to-tigard,/gifts-to-tigard,301
/send-rakhi-to-lake-oswego,/gifts-to-lake-oswego,301
/send-rakhi-to-philadelphia,/gifts-to-philadelphia,301
/send-rakhi-to-pittsburgh,/gifts-to-pittsburgh,301
/send-rakhi-to-allentown,/gifts-to-allentown,301
/send-rakhi-to-erie,/gifts-to-erie,301
/send-rakhi-to-reading,/gifts-to-reading,301
/send-rakhi-to-scranton,/gifts-to-scranton,301
/send-rakhi-to-bethlehem,/gifts-to-bethlehem,301
/send-rakhi-to-lancaster-pa,/gifts-to-lancaster-pa,301
/send-rakhi-to-harrisburg,/gifts-to-harrisburg,301
/send-rakhi-to-altoona,/gifts-to-altoona,301
/send-rakhi-to-york,/gifts-to-york,301
/send-rakhi-to-state-college,/gifts-to-state-college,301
/send-rakhi-to-king-of-prussia,/gifts-to-king-of-prussia,301
/send-rakhi-to-wayne,/gifts-to-wayne,301
/send-rakhi-to-doylestown,/gifts-to-doylestown,301
/send-rakhi-to-providence,/gifts-to-providence,301
/send-rakhi-to-warwick,/gifts-to-warwick,301
/send-rakhi-to-cranston,/gifts-to-cranston,301
/send-rakhi-to-pawtucket,/gifts-to-pawtucket,301
/send-rakhi-to-charleston,/gifts-to-charleston,301
/send-rakhi-to-columbia-sc,/gifts-to-columbia-sc,301
/send-rakhi-to-north-charleston,/gifts-to-north-charleston,301
/send-rakhi-to-mount-pleasant,/gifts-to-mount-pleasant,301
/send-rakhi-to-rock-hill,/gifts-to-rock-hill,301
/send-rakhi-to-greenville,/gifts-to-greenville,301
/send-rakhi-to-summerville,/gifts-to-summerville,301
/send-rakhi-to-myrtle-beach,/gifts-to-myrtle-beach,301
/send-rakhi-to-sioux-falls,/gifts-to-sioux-falls,301
/send-rakhi-to-rapid-city,/gifts-to-rapid-city,301
/send-rakhi-to-nashville,/gifts-to-nashville,301
/send-rakhi-to-memphis,/gifts-to-memphis,301
/send-rakhi-to-knoxville,/gifts-to-knoxville,301
/send-rakhi-to-chattanooga,/gifts-to-chattanooga,301
/send-rakhi-to-clarksville,/gifts-to-clarksville,301
/send-rakhi-to-murfreesboro,/gifts-to-murfreesboro,301
/send-rakhi-to-franklin,/gifts-to-franklin,301
/send-rakhi-to-johnson-city,/gifts-to-johnson-city,301
/send-rakhi-to-brentwood,/gifts-to-brentwood,301
/send-rakhi-to-houston,/gifts-to-houston,301
/send-rakhi-to-san-antonio,/gifts-to-san-antonio,301
/send-rakhi-to-dallas,/gifts-to-dallas,301
/send-rakhi-to-austin,/gifts-to-austin,301
/send-rakhi-to-fort-worth,/gifts-to-fort-worth,301
/send-rakhi-to-el-paso,/gifts-to-el-paso,301
/send-rakhi-to-arlington,/gifts-to-arlington,301
/send-rakhi-to-corpus-christi,/gifts-to-corpus-christi,301
/send-rakhi-to-plano,/gifts-to-plano,301
/send-rakhi-to-laredo,/gifts-to-laredo,301
/send-rakhi-to-lubbock,/gifts-to-lubbock,301
/send-rakhi-to-garland,/gifts-to-garland,301
/send-rakhi-to-irving,/gifts-to-irving,301
/send-rakhi-to-amarillo,/gifts-to-amarillo,301
/send-rakhi-to-grand-prairie,/gifts-to-grand-prairie,301
/send-rakhi-to-brownsville,/gifts-to-brownsville,301
/send-rakhi-to-mckinney,/gifts-to-mckinney,301
/send-rakhi-to-frisco,/gifts-to-frisco,301
/send-rakhi-to-pasadena-tx,/gifts-to-pasadena-tx,301
/send-rakhi-to-killeen,/gifts-to-killeen,301
/send-rakhi-to-mesquite,/gifts-to-mesquite,301
/send-rakhi-to-mcallen,/gifts-to-mcallen,301
/send-rakhi-to-carrollton,/gifts-to-carrollton,301
/send-rakhi-to-midland,/gifts-to-midland,301
/send-rakhi-to-waco,/gifts-to-waco,301
/send-rakhi-to-denton,/gifts-to-denton,301
/send-rakhi-to-abilene,/gifts-to-abilene,301
/send-rakhi-to-odessa,/gifts-to-odessa,301
/send-rakhi-to-round-rock,/gifts-to-round-rock,301
/send-rakhi-to-richardson,/gifts-to-richardson,301
/send-rakhi-to-sugar-land,/gifts-to-sugar-land,301
/send-rakhi-to-katy,/gifts-to-katy,301
/send-rakhi-to-the-woodlands,/gifts-to-the-woodlands,301
/send-rakhi-to-league-city,/gifts-to-league-city,301
/send-rakhi-to-pearland,/gifts-to-pearland,301
/send-rakhi-to-allen,/gifts-to-allen,301
/send-rakhi-to-lewisville,/gifts-to-lewisville,301
/send-rakhi-to-college-station,/gifts-to-college-station,301
/send-rakhi-to-tyler,/gifts-to-tyler,301
/send-rakhi-to-san-marcos,/gifts-to-san-marcos,301
/send-rakhi-to-cedar-park,/gifts-to-cedar-park,301
/send-rakhi-to-georgetown,/gifts-to-georgetown,301
/send-rakhi-to-spring,/gifts-to-spring,301
/send-rakhi-to-cypress,/gifts-to-cypress,301
/send-rakhi-to-missouri-city,/gifts-to-missouri-city,301
/send-rakhi-to-flower-mound,/gifts-to-flower-mound,301
/send-rakhi-to-coppell,/gifts-to-coppell,301
/send-rakhi-to-southlake,/gifts-to-southlake,301
/send-rakhi-to-salt-lake-city,/gifts-to-salt-lake-city,301
/send-rakhi-to-west-valley-city,/gifts-to-west-valley-city,301
/send-rakhi-to-provo,/gifts-to-provo,301
/send-rakhi-to-west-jordan,/gifts-to-west-jordan,301
/send-rakhi-to-orem,/gifts-to-orem,301
/send-rakhi-to-sandy,/gifts-to-sandy,301
/send-rakhi-to-ogden,/gifts-to-ogden,301
/send-rakhi-to-lehi,/gifts-to-lehi,301
/send-rakhi-to-draper,/gifts-to-draper,301
/send-rakhi-to-park-city,/gifts-to-park-city,301
/send-rakhi-to-burlington-vt,/gifts-to-burlington-vt,301
/send-rakhi-to-south-burlington,/gifts-to-south-burlington,301
/send-rakhi-to-virginia-beach,/gifts-to-virginia-beach,301
/send-rakhi-to-norfolk,/gifts-to-norfolk,301
/send-rakhi-to-chesapeake,/gifts-to-chesapeake,301
/send-rakhi-to-richmond-va,/gifts-to-richmond-va,301
/send-rakhi-to-newport-news,/gifts-to-newport-news,301
/send-rakhi-to-alexandria,/gifts-to-alexandria,301
/send-rakhi-to-hampton,/gifts-to-hampton,301
/send-rakhi-to-roanoke,/gifts-to-roanoke,301
/send-rakhi-to-arlington-va,/gifts-to-arlington-va,301
/send-rakhi-to-ashburn,/gifts-to-ashburn,301
/send-rakhi-to-reston,/gifts-to-reston,301
/send-rakhi-to-herndon,/gifts-to-herndon,301
/send-rakhi-to-fairfax,/gifts-to-fairfax,301
/send-rakhi-to-vienna,/gifts-to-vienna,301
/send-rakhi-to-mclean,/gifts-to-mclean,301
/send-rakhi-to-chantilly,/gifts-to-chantilly,301
/send-rakhi-to-centreville,/gifts-to-centreville,301
/send-rakhi-to-sterling,/gifts-to-sterling,301
/send-rakhi-to-leesburg,/gifts-to-leesburg,301
/send-rakhi-to-manassas,/gifts-to-manassas,301
/send-rakhi-to-woodbridge-va,/gifts-to-woodbridge-va,301
/send-rakhi-to-charlottesville,/gifts-to-charlottesville,301
/send-rakhi-to-blacksburg,/gifts-to-blacksburg,301
/send-rakhi-to-seattle,/gifts-to-seattle,301
/send-rakhi-to-spokane,/gifts-to-spokane,301
/send-rakhi-to-tacoma,/gifts-to-tacoma,301
/send-rakhi-to-vancouver,/gifts-to-vancouver,301
/send-rakhi-to-bellevue-wa,/gifts-to-bellevue-wa,301
/send-rakhi-to-kent,/gifts-to-kent,301
/send-rakhi-to-everett,/gifts-to-everett,301
/send-rakhi-to-renton,/gifts-to-renton,301
/send-rakhi-to-federal-way,/gifts-to-federal-way,301
/send-rakhi-to-redmond,/gifts-to-redmond,301
/send-rakhi-to-kirkland,/gifts-to-kirkland,301
/send-rakhi-to-sammamish,/gifts-to-sammamish,301
/send-rakhi-to-bothell,/gifts-to-bothell,301
/send-rakhi-to-issaquah,/gifts-to-issaquah,301
/send-rakhi-to-olympia,/gifts-to-olympia,301
/send-rakhi-to-bellingham,/gifts-to-bellingham,301
/send-rakhi-to-charleston-wv,/gifts-to-charleston-wv,301
/send-rakhi-to-huntington,/gifts-to-huntington,301
/send-rakhi-to-morgantown,/gifts-to-morgantown,301
/send-rakhi-to-milwaukee,/gifts-to-milwaukee,301
/send-rakhi-to-madison,/gifts-to-madison,301
/send-rakhi-to-green-bay,/gifts-to-green-bay,301
/send-rakhi-to-kenosha,/gifts-to-kenosha,301
/send-rakhi-to-racine,/gifts-to-racine,301
/send-rakhi-to-appleton,/gifts-to-appleton,301
/send-rakhi-to-waukesha,/gifts-to-waukesha,301
/send-rakhi-to-brookfield,/gifts-to-brookfield,301
/send-rakhi-to-cheyenne,/gifts-to-cheyenne,301
/send-rakhi-to-casper,/gifts-to-casper,301
/send-rakhi-to-jackson-wy,/gifts-to-jackson-wy,301
/send-rakhi-to-washington-dc,/gifts-to-washington-dc,301
/send-rakhi-to-san-juan,/gifts-to-san-juan,301
/send-rakhi-to-bayamon,/gifts-to-bayamon,301
/send-rakhi-to-ponce,/gifts-to-ponce,301
/send-rakhi-to-carolina,/gifts-to-carolina,301
